chrom,pos,ref,alt,indiv_name
chr11,64341843,GGTTGTGGTCTGAGGTCTTGGG,G,sample01
chr11,70284011,CTTTT,C,sample01
chr11,70284017,ATGGC,A,sample01
chr11,81890763,C,A,sample01
chr11,81890764,TCCCACTGCTTTG,T,sample01
chr12,116428302,A,C,sample01
chr12,116428307,CCA,C,sample01
chr12,123536444,T,A,sample01
chr12,123536450,GTT,AAA,sample01
chr12,123536488,ATTT,"A,AT,ATT,ATTTT",sample01
chr14,54878199,G,A,sample01
chr15,36972816,GCA,"TCA,TTT",sample01
chr15,65719324,CT,"C,CTT",sample01
chr15,89850717,CTTT,"C,CTT,CTTTT",sample01
chr16,17048,G,C,sample01
chr16,5632491,G,T,sample01
chr17,31094428,TA,"T,TAA",sample01
chr17,79707169,G,A,sample01
chr19,7617516,A,C,sample01
chr19,7617522,T,C,sample012
chr19,52281880,T,A,sample01
chr19,52281882,TTG,AAA,sample01
chr19,52281887,TG,AA,sample01
chr19,53686516,G,A,sample01
chr19,53787665,C,T,sample01
chr20,34466337,A,T,sample01
chr22,31160135,C,T,sample01
chr22,37847703,CCCTGAACCAAGGAAGAGACTGTGACTCTTCCTTGGTTCAGGGAAGGT,C,sample01
chrX,121370973,C,T,sample01
chrX,121370977,G,T,sample01
chrX,121370979,GA,TT,sample01
chr1,17358,ACTT,A,sample02
chr1,12578990,T,C,sample02
chr1,16858942,C,T,sample02
chr1,66628488,G,A,sample02
chr1,116560027,C,T,sample02
chr2,32532172,G,"GTGTGTGT,GTGTGTGTGTGTGT,GTGTGTGTGTGTGTGT,GTGTGTGTGTGTGTGTGT",sample02
chr2,32532180,G,T,sample02
chr2,32532189,G,T,sample02
chr2,33418583,C,A,sample02
chr2,50696234,TAC,T,sample02
chr2,64340782,C,G,sample02
chr2,102432278,G,A,sample02
chr5,129097703,TA,T,sample02
chr5,129097705,TGCCTGGCTAGCTCCTCCACAAATGCG,T,sample02
chr5,154685821,TTA,T,sample02
chr6,27147688,A,G,sample02
chr6,75428430,C,CAG,sample02
chr6,154853390,CT,"C,CTT",sample02
chr7,7067005,A,G,sample02
chr7,25949900,T,G,sample02
chr7,32733034,C,A,sample02
chr7,102293120,G,A,sample02
chr7,102465754,G,A,sample02
chr8,100702943,A,T,sample02
chr8,102125435,T,C,sample02
chr11,10508275,A,G,sample02
chr11,79422176,T,C,sample02
chr11,79422248,T,TACACACAC,sample02
chr11,122152219,C,T,sample02
chr11,126988496,A,G,sample02
chr11,126988510,A,T,sample02
chr12,48132876,G,A,sample02
chr12,50234211,CTT,"C,CT,CTTT",sample02
chr12,94561770,T,A,sample02
chr12,94561868,G,T,sample02
chr12,116148628,TATAC,T,sample02
chr12,116148630,TAC,T,sample02
chr12,123536488,ATTT,"A,AT,ATT,ATTTT",sample02
chr12,128294158,G,A,sample02
chr13,49996437,CT,C,sample02
chr13,49996468,CA,C,sample02
chr14,31014749,T,A,sample022
chr14,77266279,CA,C,sample02
chr14,101059844,G,A,sample02
