chrom,pos,ref,alt,indiv_name,mutation_type,type_of_subst,name,id,start,stop,orientation,based_on_coordinates,arm,start_pre_build,type,pre_name,confidence,stop_pre_build,balance,mirgenedb_ID,no_of_loc,from_start,from_end
chr11,64341843,GGTTGTGGTCTGAGGTCTTGGG,G,sample01,del,n.a.,hsa-mir-7155_flanking-3,MI0023615,64341824,64341848,-,yes,3p,64341849.0,flanking-3,hsa-mir-7155,Low,64341904,3p,,1,6,-20
chr11,70284011,CTTTT,C,sample01,del,n.a.,hsa-mir-548k_loop,MI0006354,70284008,70284021,+,no,loop,70283955.0,loop,hsa-mir-548k,Low,70284070,5p,,1,4,-11
chr11,70284017,ATGGC,A,sample01,del,n.a.,hsa-mir-548k_loop,MI0006354,70284008,70284021,+,no,loop,70283955.0,loop,hsa-mir-548k,Low,70284070,5p,,1,10,-5
chr11,81890763,C,A,sample01,subst,transversion,hsa-mir-4300_seed,MI0015831,81890761,81890767,-,yes,3p,81890741.0,seed,hsa-mir-4300,Low,81890836,3p,,1,5,-3
chr11,81890764,TCCCACTGCTTTG,T,sample01,del,n.a.,hsa-mir-4300_seed,MI0015831,81890761,81890767,-,yes,3p,81890741.0,seed,hsa-mir-4300,Low,81890836,3p,,1,4,-4
chr12,116428302,A,C,sample01,subst,transversion,hsa-mir-4472-2_post-seed,MI0016824,116428294,116428303,-,yes,5p,116428252.0,post-seed,hsa-mir-4472-2,Low,116428318,5p,,1,2,-9
chr12,116428307,CCA,C,sample01,del,n.a.,hsa-mir-4472-2_seed,MI0016824,116428304,116428310,-,yes,5p,116428252.0,seed,hsa-mir-4472-2,Low,116428318,5p,,1,4,-4
chr12,123536444,T,A,sample01,subst,transversion,hsa-mir-3908_loop,MI0016412,123536435,123536509,+,no,loop,123536409.0,loop,hsa-mir-3908,Low,123536534,5p,,1,10,-66
chr12,123536450,GTT,AAA,sample01,indel,n.a.,hsa-mir-3908_loop,MI0016412,123536435,123536509,+,no,loop,123536409.0,loop,hsa-mir-3908,Low,123536534,5p,,1,16,-60
chr12,123536488,ATTT,"A,AT,ATT,ATTTT",sample01,multimutation,n.a.,hsa-mir-3908_loop,MI0016412,123536435,123536509,+,no,loop,123536409.0,loop,hsa-mir-3908,Low,123536534,5p,,1,54,-22
chr14,54878199,G,A,sample01,subst,transition,hsa-mir-4308_flanking-5,MI0015839,54878184,54878208,-,no,5p,54878113.0,flanking-5,hsa-mir-4308,Low,54878193,3p,,1,10,-16
chr15,36972816,GCA,"TCA,TTT",sample01,multimutation,n.a.,hsa-mir-8063_flanking-3,MI0025899,36972806,36972830,-,yes,3p,36972821.0,flanking-3,hsa-mir-8063,Low,36972901,3p,,1,15,-11
chr15,65719324,CT,"C,CTT",sample01,multimutation,n.a.,hsa-mir-4511_flanking-5,MI0016877,65719319,65719343,-,yes,5p,65719246.0,flanking-5,hsa-mir-4511,Low,65719332,5p,,1,20,-6
chr15,89850717,CTTT,"C,CTT,CTTTT",sample01,multimutation,n.a.,hsa-mir-5094_flanking-5,MI0017983,89850712,89850736,-,yes,5p,89850637.0,flanking-5,hsa-mir-5094,Low,89850721,5p,Hsa-Mir-5094_pre,1,20,-6
chr16,17048,G,C,sample01,subst,transversion,hsa-mir-6859-4_flanking-3,MI0031521,17027,17051,-,yes,3p,17052.0,flanking-3,hsa-mir-6859-4,Low,17119,5p,,1,4,-22
chr16,5632491,G,T,sample01,subst,transversion,hsa-mir-8065_pred-5_post-seed,MI0025901,5632487,5632504,+,no,5p,5632467.0,post-seed,hsa-mir-8065,Low,5632566,3p,,1,5,-14
chr17,31094428,TA,"T,TAA",sample01,multimutation,n.a.,hsa-mir-4733_flanking-5,MI0017370,31094417,31094441,-,yes,5p,31094350.0,flanking-5,hsa-mir-4733,High,31094425,both,,1,14,-12
chr17,79707169,G,A,sample01,subst,transition,hsa-mir-4739_flanking-3,MI0017377,79707158,79707182,-,no,3p,79707176.0,flanking-3,hsa-mir-4739,Low,79707249,5p,Hsa-Mir-4739_pre,1,14,-12
chr19,7617516,A,C,sample01,subst,transversion,hsa-mir-6792_flanking-3,MI0022637,7617502,7617526,+,yes,3p,7617439.0,flanking-3,hsa-mir-6792,Low,7617505,both,,1,15,-11
chr19,7617522,T,C,sample012,subst,transition,hsa-mir-6792_flanking-3,MI0022637,7617502,7617526,+,yes,3p,7617439.0,flanking-3,hsa-mir-6792,Low,7617505,both,,1,21,-5
chr19,52281880,T,A,sample01,subst,transversion,hsa-mir-643_flanking-3,MI0003658,52281879,52281903,+,yes,3p,52281797.0,flanking-3,hsa-mir-643,Low,52281893,3p,,1,2,-24
chr19,52281882,TTG,AAA,sample01,indel,n.a.,hsa-mir-643_flanking-3,MI0003658,52281879,52281903,+,yes,3p,52281797.0,flanking-3,hsa-mir-643,Low,52281893,3p,,1,4,-22
chr19,52281887,TG,AA,sample01,indel,n.a.,hsa-mir-643_flanking-3,MI0003658,52281879,52281903,+,yes,3p,52281797.0,flanking-3,hsa-mir-643,Low,52281893,3p,,1,9,-17
chr19,53686516,G,A,sample01,subst,transition,hsa-mir-519c_loop,MI0003148,53686506,53686521,+,yes,loop,53686469.0,loop,hsa-mir-519c,High,53686555,both,Hsa-Mir-430-P28_pre,1,11,-6
chr19,53787665,C,T,sample01,subst,transition,hsa-mir-371b_flanking-3,MI0017393,53787653,53787677,-,yes,3p,53787677.0,flanking-3,hsa-mir-371b,Low,53787742,5p,,2,13,-13
chr19,53787665,C,T,sample01,subst,transition,hsa-mir-371a_flanking-5,MI0000779,53787655,53787679,+,yes,5p,53787675.0,flanking-5,hsa-mir-371a,High,53787741,both,Hsa-Mir-430-P5_pre,2,11,-15
chr20,34466337,A,T,sample01,subst,transversion,hsa-mir-644a_flanking-5,MI0003659,34466328,34466352,+,no,5p,34466325.0,flanking-5,hsa-mir-644a,Low,34466418,3p,,1,10,-16
chr22,31160135,C,T,sample01,subst,transition,hsa-mir-3928_flanking-5,MI0016438,31160118,31160142,-,yes,5p,31160062.0,flanking-5,hsa-mir-3928,High,31160119,3p,,1,8,-18
chr22,37847703,CCCTGAACCAAGGAAGAGACTGTGACTCTTCCTTGGTTCAGGGAAGGT,C,sample01,del,n.a.,hsa-mir-659_post-seed,MI0003683,37847693,37847706,-,yes,3p,37847678.0,post-seed,hsa-mir-659,High,37847774,5p,,1,4,-11
chrX,121370973,C,T,sample01,subst,transition,hsa-mir-3672_flanking-5,MI0016073,121370961,121370985,+,yes,5p,121370972.0,flanking-5,hsa-mir-3672,Low,121371053,5p,,1,13,-13
chrX,121370977,G,T,sample01,subst,transversion,hsa-mir-3672_flanking-5,MI0016073,121370961,121370985,+,yes,5p,121370972.0,flanking-5,hsa-mir-3672,Low,121371053,5p,,1,17,-9
chrX,121370979,GA,TT,sample01,indel,n.a.,hsa-mir-3672_flanking-5,MI0016073,121370961,121370985,+,yes,5p,121370972.0,flanking-5,hsa-mir-3672,Low,121371053,5p,,1,19,-7
chr1,17358,ACTT,A,sample02,del,n.a.,hsa-mir-6859-1_flanking-3,MI0022705,17344,17368,-,yes,3p,17369.0,flanking-3,hsa-mir-6859-1,High,17436,5p,,1,11,-15
chr1,12578990,T,C,sample02,subst,transition,hsa-mir-6730_loop,MI0022575,12578980,12578995,-,yes,loop,12578957.0,loop,hsa-mir-6730,Low,12579023,5p,,1,6,-11
chr1,16858942,C,T,sample02,subst,transition,hsa-mir-3675_flanking-3,MI0016076,16858933,16858957,-,yes,3p,16858949.0,flanking-3,hsa-mir-3675,Low,16859021,both,,1,16,-10
chr1,66628488,G,A,sample02,subst,transition,hsa-mir-3117_seed,MI0014130,66628486,66628492,+,yes,3p,66628440.0,seed,hsa-mir-3117,Low,66628517,3p,,1,3,-5
chr1,116560027,C,T,sample02,subst,transition,hsa-mir-548ac_flanking-3,MI0016762,116560013,116560037,-,yes,3p,116560024.0,flanking-3,hsa-mir-548ac,Low,116560111,3p,,1,11,-15
chr2,32532172,G,"GTGTGTGT,GTGTGTGTGTGTGT,GTGTGTGTGTGTGTGT,GTGTGTGTGTGTGTGTGT",sample02,multimutation,n.a.,hsa-mir-558_flanking-5,MI0003564,32532151,32532175,+,no,5p,32532153.0,flanking-5,hsa-mir-558,Low,32532246,3p,,1,22,-4
chr2,32532180,G,T,sample02,subst,transversion,hsa-mir-558_pred-5_seed,MI0003564,32532177,32532183,+,no,5p,32532153.0,seed,hsa-mir-558,Low,32532246,3p,,1,4,-4
chr2,32532189,G,T,sample02,subst,transversion,hsa-mir-558_pred-5_post-seed,MI0003564,32532184,32532195,+,no,5p,32532153.0,post-seed,hsa-mir-558,Low,32532246,3p,,1,6,-7
chr2,33418583,C,A,sample02,subst,transversion,hsa-mir-4430_flanking-3,MI0016769,33418562,33418586,+,no,3p,33418516.0,flanking-3,hsa-mir-4430,Low,33418564,5p,,1,22,-4
chr2,50696234,TAC,T,sample02,del,n.a.,hsa-mir-8485_pred-5_post-seed,MI0027288,50696233,50696244,-,no,5p,50696172.0,post-seed,hsa-mir-8485,Low,50696262,3p,,1,11,-2
chr2,64340782,C,G,sample02,subst,transversion,hsa-mir-4433a_post-seed,MI0016773,64340778,64340790,+,yes,5p,64340759.0,post-seed,hsa-mir-4433a,Low,64340839,both,,2,5,-9
chr2,64340782,C,G,sample02,subst,transversion,hsa-mir-4433b_seed,MI0025511,64340782,64340788,-,yes,3p,64340747.0,seed,hsa-mir-4433b,Low,64340848,both,,2,7,-1
chr2,102432278,G,A,sample02,subst,transition,hsa-mir-4772_flanking-5,MI0017414,102432275,102432299,+,yes,5p,102432289.0,flanking-5,hsa-mir-4772,High,102432366,both,,1,4,-22
chr5,129097703,TA,T,sample02,del,n.a.,hsa-mir-4633_seed,MI0017260,129097703,129097709,+,yes,5p,129097688.0,seed,hsa-mir-4633,Low,129097766,5p,,1,1,-7
chr5,129097705,TGCCTGGCTAGCTCCTCCACAAATGCG,T,sample02,del,n.a.,hsa-mir-4633_seed,MI0017260,129097703,129097709,+,yes,5p,129097688.0,seed,hsa-mir-4633,Low,129097766,5p,,1,3,-5
chr5,154685821,TTA,T,sample02,del,n.a.,hsa-mir-1303_loop,MI0006370,154685810,154685826,+,no,loop,154685776.0,loop,hsa-mir-1303,Low,154685861,3p,,1,12,-6
chr6,27147688,A,G,sample02,subst,transition,hsa-mir-3143_flanking-3,MI0014167,27147688,27147712,+,no,3p,27147626.0,flanking-3,hsa-mir-3143,Low,27147688,5p,,1,1,-25
chr6,75428430,C,CAG,sample02,ins,n.a.,hsa-mir-4463_pred-5_post-seed,MI0016811,75428425,75428438,+,no,5p,75428407.0,post-seed,hsa-mir-4463,Low,75428473,3p,,1,6,-9
chr6,154853390,CT,"C,CTT",sample02,multimutation,n.a.,hsa-mir-1273c_post-seed,MI0014171,154853377,154853390,+,yes,5p,154853360.0,post-seed,hsa-mir-1273c,Low,154853436,5p,,1,14,-1
chr7,7067005,A,G,sample02,subst,transition,hsa-mir-3683_loop,MI0016084,7066998,7067009,-,no,loop,7066964.0,loop,hsa-mir-3683,Low,7067045,5p,,1,5,-8
chr7,25949900,T,G,sample02,subst,transversion,hsa-mir-148a_flanking-3,MI0000253,25949897,25949921,-,yes,3p,25949919.0,flanking-3,hsa-mir-148a,High,25949986,3p,Hsa-Mir-148-P1_pre,1,22,-4
chr7,32733034,C,A,sample02,subst,transversion,hsa-mir-550b-2_loop,MI0016687,32733021,32733040,-,yes,loop,32732981.0,loop,hsa-mir-550b-2,High,32733077,5p,,2,7,-14
chr7,32733034,C,A,sample02,subst,transversion,hsa-mir-550a-2_loop,MI0003601,32733025,32733040,+,yes,loop,32732981.0,loop,hsa-mir-550a-2,High,32733077,both,Hsa-Mir-550-P2_pre,2,10,-7
chr7,102465754,G,A,sample02,subst,transition,hsa-mir-5090_seed,MI0017979,102465753,102465759,+,yes,5p,102465742.0,seed,hsa-mir-5090,Low,102465826,5p,,1,2,-6
chr8,100702943,A,T,sample02,subst,transversion,hsa-mir-7705_flanking-3,MI0025241,100702943,100702967,-,no,3p,100702968.0,flanking-3,hsa-mir-7705,Low,100703024,5p,,1,25,-1
chr8,102125435,T,C,sample02,subst,transition,hsa-mir-5680_flanking-5,MI0019280,102125420,102125444,+,no,5p,102125432.0,flanking-5,hsa-mir-5680,Low,102125515,3p,,1,16,-10
chr11,10508275,A,G,sample02,subst,transition,hsa-mir-4485_flanking-3,MI0016846,10508252,10508276,-,yes,3p,10508270.0,flanking-3,hsa-mir-4485,High,10508326,3p,,1,2,-24
chr11,79422176,T,C,sample02,subst,transition,hsa-mir-5579_post-seed,MI0019133,79422169,79422182,-,yes,3p,79422169.0,post-seed,hsa-mir-5579,Low,79422226,both,Hsa-Mir-5579_pre,1,7,-8
chr11,79422248,T,TACACACAC,sample02,ins,n.a.,hsa-mir-5579_flanking-5,MI0019133,79422227,79422251,-,yes,5p,79422169.0,flanking-5,hsa-mir-5579,Low,79422226,both,Hsa-Mir-5579_pre,1,4,-22
chr11,122152219,C,T,sample02,subst,transition,hsa-mir-100_flanking-3,MI0000102,122152215,122152239,-,yes,3p,122152229.0,flanking-3,hsa-mir-100,High,122152308,5p,Hsa-Mir-10-P2a_pre,1,21,-5
chr11,126988496,A,G,sample02,subst,transition,hsa-mir-3167_loop,MI0014198,126988490,126988508,-,no,loop,126988458.0,loop,hsa-mir-3167,Low,126988542,3p,,1,13,-7
chr11,126988510,A,T,sample02,subst,transversion,hsa-mir-3167_pred-5_post-seed,MI0014198,126988509,126988522,-,no,5p,126988458.0,post-seed,hsa-mir-3167,Low,126988542,3p,,1,13,-2
chr12,48132876,G,A,sample02,subst,transition,hsa-mir-6505_flanking-3,MI0022217,48132868,48132892,+,yes,3p,48132797.0,flanking-3,hsa-mir-6505,High,48132867,5p,,1,9,-17
chr12,50234211,CTT,"C,CT,CTTT",sample02,multimutation,n.a.,hsa-mir-1293_flanking-5,MI0006355,50234204,50234228,-,yes,5p,50234142.0,flanking-5,hsa-mir-1293,Low,50234212,5p,,1,18,-8
chr12,94561770,T,A,sample02,subst,transversion,hsa-mir-5700_flanking-5,MI0019307,94561769,94561793,+,yes,5p,94561789.0,flanking-5,hsa-mir-5700,Low,94561859,5p,,1,2,-24
chr12,94561868,G,T,sample02,subst,transversion,hsa-mir-5700_flanking-3,MI0019307,94561858,94561882,+,no,3p,94561789.0,flanking-3,hsa-mir-5700,Low,94561859,5p,,1,11,-15
chr12,116148628,TATAC,T,sample02,del,n.a.,hsa-mir-620_loop,MI0003634,116148595,116148628,-,no,loop,116148560.0,loop,hsa-mir-620,Low,116148654,unknown,,1,1,-34
chr12,116148630,TAC,T,sample02,del,n.a.,hsa-mir-620_pred-5_post-seed,MI0003634,116148629,116148640,-,no,5p,116148560.0,post-seed,hsa-mir-620,Low,116148654,unknown,,1,11,-2
chr12,123536488,ATTT,"A,AT,ATT,ATTTT",sample02,multimutation,n.a.,hsa-mir-3908_loop,MI0016412,123536435,123536509,+,no,loop,123536409.0,loop,hsa-mir-3908,Low,123536534,5p,,1,54,-22
chr12,128294158,G,A,sample02,subst,transition,hsa-mir-3612_pred-3_post-seed,MI0016002,128294153,128294166,+,no,3p,128294092.0,post-seed,hsa-mir-3612,Low,128294178,5p,Hsa-Mir-3612_pre,1,6,-9
chr13,49996437,CT,C,sample02,del,n.a.,hsa-mir-3613_post-seed,MI0016003,49996426,49996441,-,yes,3p,49996415.0,post-seed,hsa-mir-3613,High,49996501,5p,Hsa-Mir-3613_pre,1,5,-12
chr13,49996468,CA,C,sample02,del,n.a.,hsa-mir-3613_post-seed,MI0016003,49996465,49996478,-,yes,5p,49996415.0,post-seed,hsa-mir-3613,High,49996501,5p,Hsa-Mir-3613_pre,1,11,-4
chr14,31014749,T,A,sample022,subst,transversion,hsa-mir-624_flanking-5,MI0003638,31014728,31014752,-,yes,5p,31014646.0,flanking-5,hsa-mir-624,High,31014742,both,Hsa-Mir-624_pre,1,4,-22
chr14,77266279,CA,C,sample02,del,n.a.,hsa-mir-1260a_flanking-3,MI0006394,77266278,77266302,+,no,3p,77266218.0,flanking-3,hsa-mir-1260a,Low,77266290,5p,,1,2,-24
chr14,101059844,G,A,sample02,subst,transition,hsa-mir-154_flanking-3,MI0000480,101059827,101059851,+,yes,3p,101059755.0,flanking-3,hsa-mir-154,High,101059838,both,Hsa-Mir-154-P1_pre,1,18,-8
